Id,Prices,Volumes,Market_Cap,Date
solana,0.9576058280146803,92672667.43447028,7827651.892659198,2020-04-11
solana,0.7847113148208426,49458692.875223994,6173607.678345317,2020-04-12
solana,0.8759944068917709,37821009.955602355,7269680.447445141,2020-04-13
solana,0.7867121945458646,19579214.89293177,6302364.150584625,2020-04-14
solana,0.666673390515131,17523533.049867075,5306221.06575891,2020-04-15
solana,0.6376210673084666,12659541.408408837,5114653.932636794,2020-04-16
solana,0.6923331250859114,23132895.9095158,5505929.486978686,2020-04-17
solana,0.657449398309544,10227034.752456626,5348323.975349362,2020-04-18
solana,0.6769721852162044,10199318.163159857,5423066.285864263,2020-04-19
solana,0.6094358389483635,9789186.730548004,4844617.211182358,2020-04-20
solana,0.5347904942320182,8763891.031037511,4285479.154681022,2020-04-21
solana,0.5728269210770057,9610841.993019182,4591546.761226098,2020-04-22
solana,0.6848872198147996,18146790.14448149,5446538.173850838,2020-04-23
solana,0.6217032788666345,13659849.485801896,4909586.999036558,2020-04-24
solana,0.6227650900853694,8959427.13964603,5027193.620409137,2020-04-25
solana,0.6470903181859691,7324961.274114759,5173619.233465031,2020-04-26
solana,0.6398628040694914,8493459.048447348,5137791.330825961,2020-04-27
solana,0.5683154806973284,7534010.521157354,4616001.375155629,2020-04-28
solana,0.6574283212299112,7387289.032147021,5283691.351331575,2020-04-29
solana,0.7411890135877649,8964597.270530097,5897415.537215416,2020-04-30
solana,0.693089721323073,5182978.537733341,5635423.505964131,2020-05-01
solana,0.7169539321663891,4174109.6429038513,5735879.899599453,2020-05-02
solana,0.7124378933182761,3457574.5570013877,5669404.169981707,2020-05-03
solana,0.6866098174679662,3375393.730010124,5486412.385664286,2020-05-04
solana,0.6728297405546847,3467483.256730908,5354861.583908894,2020-05-05
solana,0.6503081490988862,2903980.8568524625,5195811.6286706,2020-05-06
solana,0.6194003582280405,2715223.2877061805,5010066.054780242,2020-05-07
solana,0.6089398899298076,3385522.0174709754,4874818.721855924,2020-05-08
solana,0.608939662026112,2493703.55942783,4827334.908169065,2020-05-09
solana,0.6017917957668725,2126230.1519960337,4816707.909418276,2020-05-10
solana,0.541777928609612,2370841.7230691817,4324416.949285259,2020-05-11
solana,0.5139234956267317,2113480.526002199,4171226.2991002905,2020-05-12
solana,0.5333426539131136,2182277.4116870984,4266741.231304909,2020-05-13
solana,0.5533191018747785,2337721.3827509126,4413742.897500913,2020-05-14
solana,0.574281421724847,548910.1111122454,4570789.918376839,2020-05-15
solana,0.5564341957677822,1837728.914580343,4432087.508991812,2020-05-16
solana,0.5989661106774994,2286736.274938201,4752035.386171752,2020-05-17
solana,0.6159337448626931,2950437.821089827,4898008.357759836,2020-05-18
solana,0.6477344448774962,3280890.995949265,5213969.633802138,2020-05-19
solana,0.6219357513498963,2375972.6144311675,4996233.199332481,2020-05-20
solana,0.5795859352817158,2306268.656301432,4629608.829738474,2020-05-21
solana,0.6055660983994974,2791803.410911919,4853042.594897839,2020-05-22
solana,0.6149832258209792,3449950.8698416166,4919865.806567834,2020-05-23
solana,0.6082201706733519,2624526.4581755586,4866957.615424991,2020-05-24
solana,0.5465741722754689,2831384.6236669393,4374843.160369413,2020-05-25
solana,0.6022304108336682,4453912.36455054,4809730.17960867,2020-05-26
solana,0.5731399463825178,2703457.5841550757,4598505.351008801,2020-05-27
solana,0.5884004926151261,2545885.09382515,4715158.090275346,2020-05-28
solana,0.5721700884660958,2654599.496858454,9366383.783941554,2020-05-29
solana,0.5774323126967125,2051249.6504508469,9427078.266084636,2020-05-30
solana,0.5858132380721703,2439529.3289575824,9591470.33610501,2020-05-31
solana,0.5756770028863081,1936502.3610925872,9399234.951485896,2020-06-01
solana,0.5789755237865244,2232352.346863049,9424972.586161828,2020-06-02
solana,0.565814320391003,1384105.1497734163,9310563.109433705,2020-06-03
solana,0.586205470714686,888236.6647254211,9614805.94741188,2020-06-04
solana,0.5867553687536804,863889.7763493777,9543805.262487222,2020-06-05
solana,0.6569611049457513,4253926.368138953,10747702.95638117,2020-06-06
solana,0.6254174646400334,1644975.9479360643,10180036.835310562,2020-06-07
solana,0.6193745553415636,778127.9330190483,10138083.793723866,2020-06-08
solana,0.6676807419152483,1450401.0511809927,10913789.386770498,2020-06-09
solana,0.6554185232956307,934660.1510810163,10726797.093153996,2020-06-10
solana,0.6503617499580121,1145633.2872963657,10648020.65447342,2020-06-11
solana,0.5719983046317773,1164520.213589104,9341515.406268213,2020-06-12
solana,0.5933564822995189,962192.2023448921,9722321.601662131,2020-06-13
solana,0.6088102028493066,753788.2633049818,9955797.604756866,2020-06-14
solana,0.586183105523133,915552.325663399,9583560.125035353,2020-06-15
solana,0.5703312716454458,1052111.2592694547,9320494.000741212,2020-06-16
solana,0.5850988389924333,679085.216200979,9519846.38912149,2020-06-17
solana,0.5818481709972113,704810.1888912406,9549958.35463254,2020-06-18
solana,0.6199980008389199,1372641.01989903,10224928.435807472,2020-06-19
solana,0.6860916859440122,7055205.212782311,11247343.894203106,2020-06-20
solana,0.6445979846649201,1745226.9861953105,10673766.043338617,2020-06-21
solana,0.6727477930583199,2287434.9791924166,11086240.79289364,2020-06-22
solana,0.7271729644769215,1654719.03275172,11996277.112687156,2020-06-23
solana,0.7067336276588002,1383543.515394181,11646898.982503338,2020-06-24
solana,0.7362452622406327,2827321.0318965996,12150092.54225176,2020-06-25
solana,0.7126894105564204,1804323.6591062366,11741625.189942881,2020-06-26
solana,0.7407208653820945,1673667.3915581722,12079079.145186102,2020-06-27
solana,0.7133553688193407,1710200.3756398568,11750514.839677684,2020-06-28
solana,0.7987604659546775,3419777.1925617917,13136127.952360291,2020-06-29
solana,0.8531268842862817,2179078.5022104667,14062849.974509096,2020-06-30
solana,0.8592955544373364,4200596.310608971,14164459.013979025,2020-07-01
solana,0.8324592358815799,1840101.230846373,13737840.609279668,2020-07-02
solana,0.7746114788082067,1796842.5276823917,12783903.734507758,2020-07-03
solana,0.7674704652113047,1136961.5458983239,12672163.175031388,2020-07-04
solana,0.7811871083546776,1683516.1067310176,12892264.592707587,2020-07-05
solana,0.6921876621707542,3820984.230135418,11423393.474284139,2020-07-06
solana,0.708409297313418,1164528.5162276954,11691026.180906912,2020-07-07
solana,0.7534772552866666,1711217.8737984726,12435090.742149869,2020-07-08
solana,0.7956141684819489,2258517.8140890417,13138366.724263769,2020-07-09
solana,0.8504783390765865,2615952.924425641,14045120.422821058,2020-07-10
solana,0.9136373735709605,1871221.381625289,15112460.37027957,2020-07-11
solana,0.9215341890095095,1733700.4838324187,15255277.05816987,2020-07-12
solana,1.0175269375576679,4779890.404796757,16696748.621766666,2020-07-13
solana,1.1787532874584385,4064986.8593240106,20428062.235112287,2020-07-14
solana,1.1483561946452148,2236363.0616940595,19972946.844421286,2020-07-15
solana,1.2935475055510521,3361791.9274219424,24362181.926540546,2020-07-16
solana,0.8689184704805727,9296866.059843082,17274473.46197496,2020-07-17
solana,0.9818241501710889,11550958.719088707,20917439.75564856,2020-07-18
solana,0.9673182706042267,2951092.759333697,20602905.143447436,2020-07-19
solana,0.9224383437804942,2231346.892892173,19624140.864785753,2020-07-20
solana,0.8730589788162091,3041235.988885012,18811046.939017244,2020-07-21
solana,0.9763920314535465,4296502.831840978,20859692.480081826,2020-07-22
solana,1.0447246666635182,5381567.012406718,23288212.437627885,2020-07-23
solana,1.055806292137335,3051275.6707602446,23621340.96676559,2020-07-24
solana,0.996204458635239,2030487.6493153644,22240716.375305213,2020-07-25
solana,1.250866425449966,9847485.817662286,27986367.374513853,2020-07-26
solana,1.597026052950196,9916449.44921899,35745817.7886529,2020-07-27
solana,1.7769558120449132,34618880.39774075,41165009.82828771,2020-07-28
solana,1.7839631352797094,9748575.381711468,41629008.982130036,2020-07-29
solana,1.6571919291258759,11129957.57810826,40210662.87394944,2020-07-30
solana,1.688418732306239,5611511.032735667,41117076.71814283,2020-07-31
solana,1.538097031663773,5087571.122031662,37711209.168728195,2020-08-01
solana,1.5331373954293075,4748192.135285872,37591996.350815535,2020-08-02
solana,1.7460156741727715,6698349.656645603,42382004.442631856,2020-08-03
solana,1.8003636805602121,5778334.689310662,43879557.43250306,2020-08-04
solana,1.897307254698148,5584908.268188476,46368816.3139189,2020-08-05
solana,1.7611833194175444,5569521.620614501,43050611.45569475,2020-08-06
solana,2.2019224919095755,10399801.556090286,57169342.30736419,2020-08-07
solana,2.073120413084232,7707429.070748664,54969359.87215626,2020-08-08
solana,2.473401784088845,10257501.939669047,65401183.62573061,2020-08-09
solana,2.659002831147767,11357917.296250584,71020175.15382175,2020-08-10
solana,3.135883738986437,22017721.74290488,87332088.95472732,2020-08-11
solana,3.264869117899598,34022534.26369051,91851887.99480896,2020-08-12
solana,3.7413879301300477,27350570.77388378,105458413.8307931,2020-08-13
solana,3.733675412574768,28936940.781297173,108874815.26710747,2020-08-14
solana,3.417497219987532,19041477.056082636,101662334.18190424,2020-08-15
solana,3.173195437376957,13945414.886381749,94560197.39791581,2020-08-16
solana,3.3852267282077353,10367526.298214646,101093049.99744666,2020-08-17
solana,3.103088944314995,11222688.377130892,95117475.85564578,2020-08-18
solana,3.331062075226566,29613499.054796744,103512572.72250581,2020-08-19
solana,2.8961310680437595,15448650.496923096,91194729.76245809,2020-08-20
solana,3.2065025821939535,13595404.010378797,101186302.29256418,2020-08-21
solana,2.9331894135899335,12006369.819543839,92576368.0854075,2020-08-22
solana,3.0217655955968654,10159244.74494122,95149797.26079312,2020-08-23
solana,3.3299340513884106,11705563.476910876,104838610.42033501,2020-08-24
solana,3.3397770443341135,15583655.536926841,105025071.74355629,2020-08-25
solana,3.2612416074765753,12533596.20470018,103504610.60526419,2020-08-26
solana,3.5510669414297205,22112806.023894925,114219136.44905476,2020-08-27
solana,3.430616121799528,21498130.288651012,110491240.21623018,2020-08-28
solana,4.011416157428157,26740109.116042912,129651597.85797815,2020-08-29
solana,3.972282229488827,14534080.230702233,128816760.88101023,2020-08-30
solana,4.436663533464179,22083311.984774828,144468272.8412078,2020-08-31
solana,4.7944618494720785,19476155.185270272,157231078.23530626,2020-09-01
solana,4.304353616338777,16073140.847875303,144080731.16918826,2020-09-02
solana,4.176224469342381,23121094.981106814,137747076.79202124,2020-09-03
solana,3.5139711518755092,27187766.957454216,119105104.96979707,2020-09-04
solana,3.5407174542293283,17857611.36846,118962336.47400291,2020-09-05
solana,2.5951717114056416,25742235.853560265,87193154.31518938,2020-09-06
solana,3.087153751704757,18512975.690539997,103754712.65869252,2020-09-07
solana,2.906438017628754,15992080.626502352,99103615.3011978,2020-09-08
solana,2.4742806348861026,10503232.091517104,85338829.21618006,2020-09-09
solana,3.6343703512897685,46180176.27343093,121438753.71660663,2020-09-10
solana,3.453090001140051,31817980.375814505,118759154.8277774,2020-09-11
solana,3.4462085226704344,16519855.116028652,121133286.76719753,2020-09-12
solana,3.3326620873211703,10193775.121683143,116947704.57942767,2020-09-13
solana,3.22479831179511,15375145.93697348,112654349.57438488,2020-09-14
solana,3.2623912097330243,21853783.60876622,118721263.47138277,2020-09-15
solana,2.931693208266334,12635260.000412077,107150010.94799854,2020-09-16
solana,2.5494654060917625,24795333.687555198,94070098.59695262,2020-09-17
solana,2.919199303305689,21791980.63219644,107329192.55976476,2020-09-18
solana,3.084079827098842,22533255.903117426,115398247.16683203,2020-09-19
solana,3.0147288973338715,10943760.457857545,113066182.9422364,2020-09-20
solana,2.8679582577061704,9294739.741029434,107485223.20908946,2020-09-21
solana,2.77366022930038,19270693.968702458,105132421.8250733,2020-09-22
solana,2.9402155138255073,18874481.49614106,110996725.68154047,2020-09-23
solana,2.8355005874806776,14564763.145004692,107801478.99659243,2020-09-24
solana,3.130126407105003,16633162.873780875,118878878.68168245,2020-09-25
solana,3.191006049537429,13618464.796439826,122238331.59277275,2020-09-26
solana,3.1351452155696546,8801854.27770789,121477645.40078653,2020-09-27
solana,3.1659948849500643,7557998.443943798,124163454.94575258,2020-09-28
solana,2.9557751507195418,9309539.826511212,115671366.64099684,2020-09-29
solana,2.945119038534579,6850416.403733073,117794737.82329232,2020-09-30
solana,2.895851723928607,5787535.353310377,116997169.793763,2020-10-01
solana,2.866125781133827,8826242.176135253,116446343.764479,2020-10-02
solana,2.6289039111067782,14212990.242723487,107373602.62220953,2020-10-03
solana,2.5536378078057957,5964945.748663193,104629198.18132688,2020-10-04
solana,2.522557078453714,7148795.3663304895,104629072.11208977,2020-10-05
solana,2.652751429083878,8274088.030812653,109983903.67952684,2020-10-06
solana,2.174595988147619,12053371.14959094,90510593.136206,2020-10-07
solana,2.290102499091077,14026928.603023551,96626244.2271101,2020-10-08
solana,2.3626573108302025,18962028.194038983,100361073.08665311,2020-10-09
solana,2.539492735094531,14326709.102963934,108143704.99926196,2020-10-10
solana,2.4055686376579755,10183145.724821746,102263473.32540001,2020-10-11
solana,2.418105545958514,7287675.814385024,102599664.11189498,2020-10-12
solana,2.5835814456344366,15148498.562808538,109398780.83412512,2020-10-13
solana,2.402275768916289,13892838.741344552,104349414.79795986,2020-10-14
solana,2.3191536796804995,10350998.488724299,100630989.38907091,2020-10-15
solana,2.268549825333015,8122715.968983821,98861299.72953752,2020-10-16
solana,2.1410969900561,15223420.219593452,93684534.75782022,2020-10-17
solana,2.2035632012257804,6335659.683846947,95604758.79489854,2020-10-18
solana,2.2119210242084533,5687385.028653056,96201418.29928115,2020-10-19
solana,2.056854398926332,8565815.857466063,89483911.14654794,2020-10-20
solana,1.8858859870466809,15641566.709200725,82488167.14046891,2020-10-21
solana,1.8809689528028195,23297280.721893147,82144490.25896214,2020-10-22
solana,1.9538868465951076,13454997.575523896,86559361.41416237,2020-10-23
solana,1.9571745339461706,11186213.356340406,86992250.29298699,2020-10-24
solana,1.9125348373534423,6919606.692459674,85097119.41553113,2020-10-25
solana,1.7910124551194946,9185870.299509026,80166567.40845197,2020-10-26
solana,1.6848007548575634,13591649.240590198,76352252.52403358,2020-10-27
solana,1.7159415073624318,15297050.598319847,78379682.65133592,2020-10-28
solana,1.5185434311695507,15939411.515576778,69484097.07158922,2020-10-29
solana,1.4288466908519226,8662606.661041781,65484559.74846173,2020-10-30
solana,1.4406457973488311,9349348.871776775,65971825.09030392,2020-10-31
solana,1.5355514530581402,6702913.199915457,70310236.99352686,2020-11-01
solana,1.600572441974701,7044518.693985352,73223097.96611069,2020-11-02
solana,1.4752353298018694,6491093.9037773525,67681588.11219725,2020-11-03
solana,1.4126356428447633,6668083.606459433,64789424.24486666,2020-11-04
solana,1.3933070455135532,13444944.225189563,64037059.28113097,2020-11-05
solana,1.4057083583738634,10875990.980387984,64230247.786586635,2020-11-06
solana,1.9259691495315499,29260208.082079533,88646989.63268837,2020-11-07
solana,2.032391502844419,69505254.93434788,94477844.75803708,2020-11-08
solana,2.155344889638131,35274009.490947016,99153483.96280438,2020-11-09
solana,2.0285116039511935,23430879.829114553,92911864.56042299,2020-11-10
solana,2.252786688117921,17683772.994641323,104439762.47148168,2020-11-11
solana,2.000194697094851,17995064.27824164,91842384.4291332,2020-11-12
solana,1.896790484098796,14316052.703740103,86929582.54336853,2020-11-13
solana,2.017595353872823,10853681.100996608,92395446.39953326,2020-11-14
solana,1.9198208087780548,7480703.339548037,88345125.41853492,2020-11-15
solana,2.0406791308120753,17895366.80890147,93688715.99840245,2020-11-16
solana,2.2623589978442378,20610242.317284264,103751002.08687328,2020-11-17
solana,2.197190778740227,15969353.057183925,101161954.40612783,2020-11-18
solana,2.117886192370405,13848265.661515675,97122156.74764429,2020-11-19
solana,2.070684202084601,9316529.247631349,95016544.57983688,2020-11-20
solana,2.099258903106589,10371769.862920254,96699115.09128669,2020-11-21
solana,2.381429683264949,25366504.823793355,109103139.9036232,2020-11-22
solana,2.151813535476351,20574885.270062737,99643753.24807033,2020-11-23
solana,2.273388487038822,18928875.39550107,104405683.73789695,2020-11-24
solana,2.2599141412129526,32072469.88442561,103371313.28825709,2020-11-25
solana,2.2646129983306857,31314180.50158886,103929950.4113385,2020-11-26
solana,1.9019050448221404,41413742.502415486,87261948.4587302,2020-11-27
solana,1.8592629872719064,16043158.39733107,85368717.62930092,2020-11-28
solana,1.8903759559939506,13543976.251381855,86876340.85848026,2020-11-29
solana,1.9133429784467306,7475716.686282049,87979239.4231415,2020-11-30
solana,1.9652469851002097,10302108.662414199,90930509.95528531,2020-12-01
solana,1.9821155844306726,15857429.667479658,91819218.14741093,2020-12-02
solana,2.1173819608613713,20110298.14090546,98158810.32584806,2020-12-03
solana,2.0967513186152114,26145331.304000676,97007192.41882148,2020-12-04
solana,1.858485553374542,12376166.936333302,86302542.38359374,2020-12-05
solana,1.9786603345404,10627298.671877306,91469353.58874713,2020-12-06
solana,1.851301551500301,10598081.573961524,85608059.73744749,2020-12-07
solana,1.8306335885715757,10468359.685002154,84695936.97844146,2020-12-08
solana,1.6703686172523906,17112369.527682714,77643530.78405608,2020-12-09
solana,1.664937350328642,16742998.45128931,77258533.71758029,2020-12-10
solana,1.5765078909674242,9081181.441213774,73019479.91112876,2020-12-11
solana,1.4496692801969542,10757763.654799256,67063074.53264825,2020-12-12
solana,1.4908497129487033,9176582.194922846,68998005.96321389,2020-12-13
solana,1.5665711036119,10831419.615199426,72368450.61816674,2020-12-14
solana,1.5904572145316247,10852348.235007472,74144495.06564687,2020-12-15
solana,1.7529676467046862,25707468.385520007,80958321.29626867,2020-12-16
solana,1.779209478837656,20667383.028789427,82697026.71230772,2020-12-17
solana,1.677764317256101,19771583.134829283,77962145.67023137,2020-12-18
solana,1.6997785608559872,9944183.27492898,79098065.29444037,2020-12-19
solana,1.6683085585940913,11133539.429365838,77655684.25950308,2020-12-20
solana,1.5633483514359,11294828.80348789,72790529.40428856,2020-12-21
solana,1.5434205371433634,10231076.96252841,71954471.52541262,2020-12-22
solana,1.4928837701687971,14598569.95920073,69532641.54486774,2020-12-23
solana,1.206243024482621,21811152.391227532,56718890.08800321,2020-12-24
solana,1.3634590117032817,11669615.744971463,63270395.09871319,2020-12-25
solana,1.4458848057739127,11302457.898446823,67364923.8031706,2020-12-26
solana,1.3282607978532563,8569139.626475705,61824850.922195025,2020-12-27
solana,1.3065401279822344,15721103.749787897,61706533.09169116,2020-12-28
solana,1.5191282501080419,16248544.099952295,70774348.23560144,2020-12-29
solana,1.6760685346336837,34126955.314970545,78352281.80230162,2020-12-30
solana,1.5378390877377932,16897738.266745638,71585859.2732059,2020-12-31
solana,1.5158074963117758,17111375.741750743,69766796.8517985,2021-01-01
solana,1.8411408764785613,32991393.10011804,86318139.65505527,2021-01-02
solana,1.802628913180411,41366106.07008067,84086466.39653847,2021-01-03
solana,2.14770799035378,71243785.08334851,99775343.80647424,2021-01-04
solana,2.4217846067950366,74768826.60691226,111799126.97201678,2021-01-05
solana,2.1618689571522256,65041612.88843685,100329573.08891995,2021-01-06
solana,1.9231854639663055,66770224.861168616,89806036.82660183,2021-01-07
solana,2.3674092848829695,219251174.2197483,617487734.823374,2021-01-08
solana,3.2344821232005927,286755149.1133893,832993617.4072843,2021-01-09
solana,3.3885883690214627,120168621.41585141,895647361.5109031,2021-01-10
solana,3.4737322317991124,80904486.74204415,912330458.1173432,2021-01-11
solana,3.1076274895234994,106045335.58882752,817258464.2688268,2021-01-12
solana,3.58676467736862,97551374.06150249,938493137.5207736,2021-01-13
solana,3.520762208941768,75016318.35179248,921726565.2583522,2021-01-14
solana,3.2781934892090505,76404702.33595315,859145982.5611855,2021-01-15
solana,3.2557793953909067,58075508.18361369,854734765.1596448,2021-01-16
solana,3.451865500376336,99803415.70677254,904006570.0309957,2021-01-17
solana,3.81598415593309,93623327.60068645,1017470477.7839756,2021-01-18
solana,3.7751466399459668,92855359.6361952,987108914.5515286,2021-01-19
solana,3.641431311969665,70082464.78928855,953132372.6214266,2021-01-20
solana,3.729115837327082,58455688.05431196,973442831.7891594,2021-01-21
solana,2.9988114745903562,56210951.531339064,786986237.3494189,2021-01-22
solana,3.341360079142882,78912922.70962742,870802220.8670269,2021-01-23
solana,3.5015683031312848,34563933.459064916,910358037.3778708,2021-01-24
solana,3.63170707484897,39857016.48670482,946423915.3825785,2021-01-25
solana,3.7139996330041947,102071940.74413401,970376773.8007468,2021-01-26
solana,4.032884053809296,99915130.853126,1054703273.4109547,2021-01-27
solana,3.699511535159664,41769652.736767605,965216149.5931334,2021-01-28
solana,3.817402068465168,39406683.91005037,994404569.1401209,2021-01-29
solana,3.8643485930849732,56780983.11915729,1011832935.6122584,2021-01-30
solana,4.233485772671465,67081650.437249236,1099976702.0181136,2021-01-31
solana,4.263968588843047,97446415.859447,1108554251.4633815,2021-02-01
solana,4.594574802707021,46965792.231593795,1181003688.1507916,2021-02-02
solana,5.257321084771443,123805679.78884633,1375270992.6864703,2021-02-03
solana,5.721470793794539,94154842.87095357,1486424501.2461636,2021-02-04
solana,6.41624673360909,136705073.21189842,1677733734.3813236,2021-02-05
solana,6.706647732382283,122560651.23753116,1732564478.9479501,2021-02-06
solana,6.117657911972685,134130068.36753744,1614662623.626382,2021-02-07
solana,6.657339688114339,133124403.50118582,1741080410.398057,2021-02-08
solana,7.908749783879188,198992540.37720096,2067531944.1291592,2021-02-09
solana,7.84013833144138,155211915.61724132,2066515667.7340856,2021-02-10
solana,9.021720125352658,151648521.93150106,2347978417.7784863,2021-02-11
solana,9.200179305161805,201126010.15108156,2396719732.1723113,2021-02-12
solana,9.228804888243197,114926769.55619727,2426763287.306892,2021-02-13
solana,8.713969623823095,116673415.15525527,2299907027.7197843,2021-02-14
solana,8.727632198363525,111434979.06446631,2299584697.079879,2021-02-15
solana,8.847305421008814,109980858.18916675,2319301370.904806,2021-02-16
solana,8.30280602969779,72282574.1446148,2184260799.960396,2021-02-17
solana,8.231931006463842,95778536.21248828,2173930631.1428275,2021-02-18
solana,9.01266263252076,93285838.88247588,2375754523.610692,2021-02-19
solana,11.440869401894185,337882476.3629094,2993685734.1051297,2021-02-20
solana,10.044733825464117,151686888.40429655,2615417098.0195026,2021-02-21
solana,11.113402936910099,185663015.63880062,2943199329.545796,2021-02-22
solana,14.423730533387301,745502104.7831652,3751426598.9179907,2021-02-23
solana,15.15827794507358,1244332504.0368009,4014384609.485051,2021-02-24
solana,17.471803640467495,653765450.5243506,4630153132.806194,2021-02-25
solana,13.811009065584933,528005152.61285347,3670715311.01561,2021-02-26
solana,13.668935958977311,439215087.7936575,3630663218.351275,2021-02-27
solana,13.310965118755187,331645301.8971598,3502097092.0348463,2021-02-28
solana,13.030769065831386,388225411.00663006,3482110143.44744,2021-03-01
solana,15.030085685643074,392440888.40344346,3973508157.3198123,2021-03-02
solana,14.010086254280449,225140396.16056278,3703367097.5839825,2021-03-03
solana,14.131003508942642,196774080.8443388,3742765612.839295,2021-03-04
solana,13.115024093723461,147658517.89297044,3465889173.00098,2021-03-05
solana,12.63107017877297,114430118.94230543,3328224948.5193915,2021-03-06
solana,13.068095512982284,151724548.43234462,3455484976.176569,2021-03-07
solana,13.917187045269639,176392184.74589956,3683032789.5785527,2021-03-08
solana,13.640225836910282,135033736.39428464,3627821384.30089,2021-03-09
solana,14.866607085296575,167995189.73188934,3948666694.263174,2021-03-10
solana,14.233539653620891,146460475.43541464,3801048410.6381907,2021-03-11
solana,15.976571418630938,296645197.9026507,4251534865.370938,2021-03-12
solana,14.598623129754035,234666311.88987264,3904039878.018883,2021-03-13
solana,15.318478663846857,187955914.4581912,4102822643.225109,2021-03-14
solana,14.567314052136112,111823964.28382453,3914890622.8352118,2021-03-15
solana,14.163365885178607,133187836.15549983,3802503168.3197436,2021-03-16
solana,13.689313740219452,144943707.17130157,3652666107.3940897,2021-03-17
solana,14.277756264275158,118128026.42254479,3813907144.3630457,2021-03-18
solana,14.26867567597296,98337016.85098365,3818502582.108464,2021-03-19
solana,14.182866696542028,86842533.95631836,3784530964.203633,2021-03-20
solana,14.275804030345455,86343402.39593284,3827195162.447837,2021-03-21
solana,14.306229754951788,79484161.8717318,3820743747.1802936,2021-03-22
solana,14.870337482227853,326592283.75572574,3996883816.28734,2021-03-23
solana,14.194567786228824,133887151.90285721,3797038254.76521,2021-03-24
solana,13.60393816401807,147906709.02353978,3673111725.425858,2021-03-25
solana,12.964522758314372,143844943.83494917,3458196577.606995,2021-03-26
solana,14.749054072098563,183730696.64450446,3952457817.8285327,2021-03-27
solana,16.56643725364522,282806957.30753034,4447942286.041741,2021-03-28
solana,18.008069673329885,534850426.5573704,4849136131.610755,2021-03-29
solana,18.884890865843666,266282434.7053076,5060496028.96088,2021-03-30
solana,19.175755751876615,320692680.3417659,5140859722.050636,2021-03-31
solana,19.48663194355817,255371895.72794142,5229172252.453522,2021-04-01
solana,19.05545051591954,213522852.9244486,5115358904.3969,2021-04-02
solana,19.73831924627352,162070984.46377787,5287278539.188044,2021-04-03
solana,22.598963045163597,600716419.5680904,6076766593.933186,2021-04-04
solana,24.02282911560326,536246712.90027696,6459213598.5183325,2021-04-05
solana,22.942985835974703,324307982.04602367,6143755028.531597,2021-04-06
solana,24.989549183579577,404116807.87156296,6677871480.251414,2021-04-07
solana,26.674732954277772,714313720.050788,7244692415.792232,2021-04-08
solana,27.00514637240972,445724093.1060517,7238834909.900146,2021-04-09
solana,27.784698122914115,351754156.4264195,7509326042.822403,2021-04-10
solana,26.833966062021243,340108404.22059625,7243681262.228849,2021-04-11
solana,27.817769827309405,293810895.92842746,7504132255.224255,2021-04-12
solana,28.523980512399998,388174413.34322846,7668557969.184397,2021-04-13
solana,27.569507268014537,327658007.71776986,7477651408.251167,2021-04-14
solana,26.451516360520532,425296729.17071044,7124964901.168281,2021-04-15
solana,27.82949194313198,267944999.8711866,7510746946.813054,2021-04-16
solana,25.280265043287386,294302057.27032316,6847726667.985529,2021-04-17
solana,25.01097915337799,259794445.97361812,6763365116.21136,2021-04-18
solana,32.43000666656829,1456340755.9689653,8839759827.800987,2021-04-19
solana,31.72514830005086,1138689654.5289679,8636876765.15214,2021-04-20
solana,31.687792724714733,982110136.3637146,8638723481.256248,2021-04-21
solana,32.31362189326206,916541281.5816183,8840620046.282288,2021-04-22
solana,39.04180159309067,1619297323.1447806,10546870753.411224,2021-04-23
solana,37.066889704359156,2170847454.238238,10009570403.266832,2021-04-24
solana,40.74492271990316,1508721736.1244557,11122055713.48721,2021-04-25
solana,47.66158942345178,2115947832.9145389,12948847195.888565,2021-04-26
solana,44.4964806617465,1808647601.294896,12053853291.95677,2021-04-27
solana,43.21796539788754,889450121.2961354,11730117463.908833,2021-04-28
solana,45.039620110247284,1328456957.4543355,12162250490.154093,2021-04-29
solana,42.5819452001649,1007552489.8800592,11521025311.458416,2021-04-30
solana,42.995296352215185,715484397.6606659,11625206342.893156,2021-05-01
solana,49.663394135648275,1107804038.4559028,13505629296.647703,2021-05-02
solana,46.93452854649153,736253572.4014621,12731441940.852583,2021-05-03
solana,46.08780894588962,754315146.457899,12596937422.591501,2021-05-04
solana,42.70189409565587,850967614.8898401,11695753640.918264,2021-05-05
solana,44.893093488124,632988283.9886094,12196654588.937687,2021-05-06
solana,43.43782697098598,496643551.4017424,11848638343.099876,2021-05-07
solana,43.072134333542394,628075167.8004643,11736620149.519144,2021-05-08
solana,45.68567329638394,565022391.0665238,12483159691.847982,2021-05-09
solana,44.35912616018185,631361237.6483146,12070625546.32745,2021-05-10
solana,42.96048600238864,610750904.6029066,11724389834.30516,2021-05-11
solana,44.72439581889054,587946571.6315473,12215743859.11548,2021-05-12
solana,43.62157836926913,1387803968.4736757,12440648899.351025,2021-05-13
solana,41.109968983538224,1273761712.5733151,11096669650.829687,2021-05-14
solana,42.87180002955891,536552649.64154357,11689352286.167381,2021-05-15
solana,43.46242757015506,617414124.1173804,11799908298.851982,2021-05-16
solana,47.17666783643097,2249695072.220029,12808567896.878407,2021-05-17
solana,46.861759616729216,2104910795.048521,12904194705.374098,2021-05-18
solana,56.202009029292114,2063395663.2413113,15371663655.587006,2021-05-19
solana,35.758844160586776,2921072601.0062203,9921711894.075151,2021-05-20
solana,44.52570262534382,2519340039.6724825,12171270499.157091,2021-05-21
solana,38.43160144697336,1807465387.1299965,10430110171.295877,2021-05-22
solana,31.614601894528402,1134738458.8461702,8668570148.20386,2021-05-23
solana,24.76763979126399,1988074629.747088,6741153859.711209,2021-05-24
solana,30.98546737051786,1351443455.141726,8456340961.644993,2021-05-25
solana,30.00644952590393,934610971.7223821,8200361459.252724,2021-05-26
solana,35.65025364482327,1118628986.9193478,9637728345.153328,2021-05-27
solana,33.659342590355116,662066528.4413192,9223068939.871315,2021-05-28
solana,29.021948393257702,624114420.0451146,7915741496.510311,2021-05-29
solana,27.55720416292785,402043440.13746035,7555682949.616899,2021-05-30
solana,28.562287426658674,385506550.2941925,7786190305.535411,2021-05-31
solana,32.66212259787656,556481220.8582711,8921358871.643251,2021-06-01
solana,30.985238146398338,451120119.86649257,8466375153.864945,2021-06-02
solana,34.18804885530961,526537332.91262364,9317118424.38306,2021-06-03
solana,39.70667545056023,1003176056.3730243,10988660955.92941,2021-06-04
solana,37.59916221822976,1090388198.6913736,10271428908.065245,2021-06-05
solana,39.340010888406205,1151594281.2540836,10611364493.458803,2021-06-06
solana,42.2598870528484,825017874.7335211,11508207254.494314,2021-06-07
solana,38.19473236980912,942584607.2080762,10637505878.18168,2021-06-08
solana,41.41714832962446,1825252143.252731,11375166576.681133,2021-06-09
solana,42.07765252553618,1272173444.9534538,11544497584.210085,2021-06-10
solana,41.205960702125125,624242377.7255889,11231058225.872488,2021-06-11
solana,36.09038097242029,558803764.8352512,9831892846.255322,2021-06-12
solana,36.568375266883066,584578781.8182625,10095207879.649364,2021-06-13
solana,38.820386099134,488535747.5349405,10521989454.932697,2021-06-14
solana,39.64405780180996,564059144.821838,10808680336.53195,2021-06-15
solana,39.699499977153316,508646352.88739556,10852976029.829046,2021-06-16
solana,39.54766089054998,636535388.3933998,10781816203.272686,2021-06-17
solana,39.32721784794218,472927528.3029236,10638298323.849005,2021-06-18
solana,36.624102572520556,481564015.6061824,10008182630.914902,2021-06-19
solana,35.26048477919641,302280531.1963374,9621683962.87426,2021-06-20
solana,35.284274899376165,507507928.94648,9611623563.108702,2021-06-21
solana,26.59538136949911,836901347.2188203,7439425733.837019,2021-06-22
solana,26.729201466247304,1371341088.6752522,7157859824.732246,2021-06-23
solana,30.879003728161678,1203441656.8115778,8377496849.572571,2021-06-24
solana,31.44053281154812,732654201.7448984,8585542319.490724,2021-06-25
solana,29.23725923358748,737663786.9399918,7985242401.768215,2021-06-26
solana,29.374776218716168,639618006.1446898,7914659494.026683,2021-06-27
solana,31.67466281145659,572104299.6430303,8602431238.497906,2021-06-28
solana,33.114180869076236,674515112.3947256,9040653316.656572,2021-06-29
solana,33.92293267730953,645572532.2254869,9355893411.033453,2021-06-30
solana,35.83440251659123,791091273.1745555,9784660089.64145,2021-07-01
solana,33.55617113324256,663491276.6668489,9145093164.974165,2021-07-02
solana,33.95890784245649,607351754.6625379,9219660440.797184,2021-07-03
solana,34.46550620541941,462037406.3577414,9395489549.381342,2021-07-04
solana,34.4488487549447,424937662.01328224,9396692749.038607,2021-07-05
solana,33.120055451168234,436664234.535345,9033978686.400785,2021-07-06
solana,34.291237666647795,499801292.4695335,9343669279.576614,2021-07-07
solana,36.657274540397,727575218.1716276,9995196544.250605,2021-07-08
solana,33.51414390083529,691932146.2056346,9137574846.549248,2021-07-09
solana,33.5318526308046,454190333.1445893,9138440436.827877,2021-07-10
solana,31.939202343364617,415853889.1192226,8716478997.829847,2021-07-11
solana,32.12329223606849,296169725.62816095,8760359617.466415,2021-07-12
solana,30.95347402705691,312330343.18604004,8429306463.204107,2021-07-13
solana,29.16206823389161,270392426.0783131,7953342249.0019,2021-07-14
solana,31.23600101808439,474454643.50580245,8488446183.42694,2021-07-15
solana,28.323537434952385,469048384.9902478,7712932810.684437,2021-07-16
solana,26.26323282766065,372119879.07038826,7168957057.321149,2021-07-17
solana,26.79168755465958,292646432.68583465,7314497718.903992,2021-07-18
solana,26.893938948659173,227071207.7156284,7331794881.762145,2021-07-19
solana,24.816200542365436,370348465.20546126,6774142705.91918,2021-07-20
solana,23.858446096960066,422162867.9308267,6500208589.083082,2021-07-21
solana,26.672396972929985,573149420.4413202,7243897344.253764,2021-07-22
solana,27.762978035532324,375801784.2134339,7561860534.399218,2021-07-23
solana,28.37606777419007,407425804.48123944,7713349030.470103,2021-07-24
solana,28.590333033238007,363380694.2290097,7794117620.737434,2021-07-25
solana,28.318817766435266,316495335.58890283,7718142916.945531,2021-07-26
solana,28.096697946304417,755245025.2497616,7706970297.480305,2021-07-27
solana,27.951131012641863,375190958.3560945,7591579830.598075,2021-07-28
solana,27.871801252229435,324323976.86976814,7595729558.871121,2021-07-29
solana,31.41657633388534,490243888.02364147,8603692851.645973,2021-07-30
solana,32.252691819301624,673479026.4084785,8782089188.680168,2021-07-31
solana,36.24876035531609,614044704.3846236,9870964496.720772,2021-08-01
solana,34.17251166927062,548581372.50092,9272656715.856787,2021-08-02
solana,33.27511835038949,463809054.21566033,9090469010.815338,2021-08-03
solana,34.3401202664068,535386826.38300115,9368039157.991346,2021-08-04
solana,35.90548260385135,453652890.7804349,9803376069.99858,2021-08-05
solana,37.47983512479931,642276103.3968464,10217649265.24856,2021-08-06
solana,39.53990291552664,634966886.3440547,10788517295.598755,2021-08-07
solana,39.38262634342374,567721952.7291353,10716940358.779821,2021-08-08
solana,37.66581962149719,387950835.5915774,10274392698.30968,2021-08-09
solana,38.76250121094557,392755194.37425494,10540000830.327097,2021-08-10
solana,40.66298980944724,512007043.4016342,11060502356.763584,2021-08-11
solana,41.79949265382151,518467624.0711313,11911671445.966951,2021-08-12
solana,41.19014957214054,501994574.0018019,11719191265.4597,2021-08-13
solana,44.69284014294085,536710066.6718894,12659136195.430464,2021-08-14
solana,44.06280236603161,375775175.2451106,12632010978.831278,2021-08-15
solana,53.67834815759493,1453940559.4346285,15290073919.010557,2021-08-16
solana,62.27708029189766,3744578512.779988,18474853367.365612,2021-08-17
solana,64.30343710651606,4071432568.0452485,18770890602.314026,2021-08-18
solana,74.0048019564342,4552452964.336096,21274810508.661808,2021-08-19
solana,73.04851676946942,2751968421.5578585,20809209324.240616,2021-08-20
solana,78.44870433277,1816393865.8523588,22425622491.819256,2021-08-21
solana,74.21792558317044,1502846889.7352061,21281170312.308853,2021-08-22
solana,73.12559205921369,1004789455.2040088,20991469522.08777,2021-08-23
solana,75.97033641124439,1376624102.1938393,22022469783.777603,2021-08-24
solana,71.21280823557079,1645439131.9405804,20724670218.176235,2021-08-25
solana,71.5109402153286,1460931375.1285913,20802776475.036793,2021-08-26
solana,76.11361963601048,2687938993.535464,22227352877.21953,2021-08-27
solana,87.96820731391372,3193853129.576366,25629594571.27215,2021-08-28
solana,97.06666833226845,2343520709.0638256,28329094352.267193,2021-08-29
solana,94.00977412300858,1619244457.9764173,27304152716.88658,2021-08-30
solana,109.6467328393857,4827155957.583222,31920673369.62922,2021-08-31
solana,108.70637640163673,7097442296.82563,31632430274.413536,2021-09-01
solana,110.81781609465583,3649705606.8515778,32218252304.33078,2021-09-02
solana,128.67418646306453,4623249675.435575,37338512656.086975,2021-09-03
solana,146.35759448244343,6871215127.90067,42571321335.873764,2021-09-04
solana,139.59408991633026,3607645007.288397,40720531105.91831,2021-09-05
solana,142.13561416692806,2711248607.007888,41412015757.628494,2021-09-06
solana,164.56092375980077,5245858966.571948,47904979408.22902,2021-09-07
solana,173.31109531018657,16149087501.300968,51322390022.245636,2021-09-08
solana,189.3444533132092,12034756697.736256,55627271034.27753,2021-09-09
solana,188.2759415810392,12182432665.179003,55264334912.28869,2021-09-10
solana,178.31957000068277,6992113162.711526,52325632036.02054,2021-09-11
solana,177.94240190335438,5327211599.2398405,52220905554.677574,2021-09-12
solana,174.88132072034375,3006790022.730882,51473851354.0501,2021-09-13
solana,169.277346931387,6270536793.440139,49653193581.09068,2021-09-14
solana,157.37799350381528,5484253084.148819,46493824080.66087,2021-09-15
solana,158.59633983839294,3973589945.002292,46994383928.494865,2021-09-16
solana,151.94834110204062,3163024291.1889153,45094080634.83586,2021-09-17
solana,147.58433443491424,4637329446.05819,43906621683.99821,2021-09-18
solana,170.10982401213687,5288896343.368672,50565779823.43124,2021-09-19
solana,153.326441718045,3442771809.9303317,45589411995.17647,2021-09-20
solana,133.36872474347524,5652873068.780831,39478971644.30225,2021-09-21
solana,122.69238861731206,5306957386.522338,36248052948.592964,2021-09-22
solana,148.3293541912427,4912176158.173082,44125796474.8162,2021-09-23
solana,150.3896531797567,3353529940.5091395,44686382478.55573,2021-09-24
solana,139.31414597542954,3863693217.85245,41548029058.16029,2021-09-25
solana,136.8354526288871,2059643190.9342535,40572796552.98121,2021-09-26
solana,135.79593311002097,2683407146.306161,40356234736.375404,2021-09-27
solana,136.25952148124458,2989640865.287466,40533909717.20195,2021-09-28
solana,130.60489190775277,2409481752.9774637,39030320223.35616,2021-09-29
solana,135.27916281520976,2423220767.1797714,40196990252.30242,2021-09-30
solana,141.1837464924982,2213933967.637082,42018890336.78696,2021-10-01
solana,161.3740294980268,4217104529.3629045,47883980396.73367,2021-10-02
solana,169.20884384676515,3290801786.0451536,50355827427.96756,2021-10-03
solana,172.855870204067,2990394711.9668913,51567116629.13389,2021-10-04
solana,167.8779097499281,3108612675.2047114,50072719494.08351,2021-10-05
solana,164.36927639016088,2550034958.9268904,49008643389.98899,2021-10-06
solana,154.09462360903782,3216047716.7546687,46002942256.337265,2021-10-07
solana,154.25988506624046,2469488735.063495,46145608847.85937,2021-10-08
solana,158.91461108327633,2714913213.201317,47345863609.85284,2021-10-09
solana,157.3354214402797,1421850535.6544025,47177850270.14671,2021-10-10
solana,147.69627281665322,1495896606.8269508,44343249688.30569,2021-10-11
solana,144.85910794492872,1718475615.2479117,43203031420.33364,2021-10-12
solana,152.00078829875227,2766260744.0121436,45622740431.63671,2021-10-13
solana,148.39205395880688,1975667394.423865,44499473671.88846,2021-10-14
solana,150.09136322362892,1912976981.956736,45052609321.74922,2021-10-15
solana,162.9821748166483,3892259612.8294525,48823858407.19429,2021-10-16
solana,158.27370286236626,1481556354.0119083,47599650302.30947,2021-10-17
solana,159.86349202431006,2132944251.543325,47919023512.03581,2021-10-18
solana,157.37532489090881,1619036320.357656,47243856329.811134,2021-10-19
solana,156.39068064885493,1345983825.3265061,46992561227.938385,2021-10-20
solana,175.60195629220317,3069126856.4038467,52336972845.39368,2021-10-21
solana,189.05931890382809,6298926456.006809,56745796681.7565,2021-10-22
solana,197.83389968834183,6789555146.637215,59570438795.92708,2021-10-23
solana,198.30695225047282,2951218516.1830873,59635176948.857414,2021-10-24
solana,203.16528895289179,3114589452.2112665,60949072513.08539,2021-10-25
solana,211.19080150794161,4469234352.347065,63765586638.26856,2021-10-26
solana,199.75011389046043,3052799572.7936416,60474514072.54135,2021-10-27
solana,183.54274956995576,4812686988.408542,55282416869.143555,2021-10-28
solana,195.08625966302498,3385641009.2162027,58664473682.87197,2021-10-29
solana,199.7845325480303,2703331790.5309463,60296944148.15687,2021-10-30
solana,193.33785373845146,1651079244.1462584,58207049317.824005,2021-10-31
solana,202.39144718715852,2508960378.247013,61090424896.042694,2021-11-01
solana,203.81420779167425,3098391561.698444,61206174446.06882,2021-11-02
solana,220.65381148740764,2953101041.2490163,65196157014.88239,2021-11-03
solana,242.04614187434888,5949095156.100889,72820184828.91289,2021-11-04
solana,249.06288567609292,4457165321.346256,74509034095.48589,2021-11-05
solana,237.88946143331174,2814464970.6926665,71642292583.50812,2021-11-06
solana,259.23955828664066,3906155465.660115,77427308372.12741,2021-11-07
solana,250.36479323196647,2644011982.2496014,75738472890.52711,2021-11-08
solana,248.8224986641578,3223918132.658522,75445282061.2759,2021-11-09
solana,239.42042668071062,2681222975.329351,72453801809.51566,2021-11-10
solana,233.07366976619127,3800891475.935171,70391383039.29988,2021-11-11
solana,234.8643324134869,2618456168.353021,71231238187.65797,2021-11-12
solana,229.39855731141944,2941595137.276679,69321107450.57858,2021-11-13
solana,241.33480045995515,2171331102.080433,72948327032.41917,2021-11-14
solana,239.51447253719712,1611356876.8775847,72218517508.24437,2021-11-15
solana,238.76462750446106,2359326721.661139,72198022029.53314,2021-11-16
solana,220.09764163324894,3508776790.4518046,66832143637.96159,2021-11-17
solana,219.10555534624334,2879294187.4798455,66086823807.616,2021-11-18
solana,195.0785065693146,3731836544.9342785,59087558120.593094,2021-11-19
solana,215.83494421153327,3291840770.3925467,65296328677.09514,2021-11-20
solana,218.32939968667216,1870041532.1098204,66281609248.12345,2021-11-21
solana,232.44114562844396,2555181056.256027,71043502688.01355,2021-11-22
solana,216.39900684614148,3174537421.979065,65724676692.43798,2021-11-23
solana,222.09815823221743,2144049180.216279,67490798261.18599,2021-11-24
solana,205.54865275061945,2339653646.046749,62457339767.62576,2021-11-25
solana,209.79215190984442,2227843775.4152346,63900196618.38859,2021-11-26
solana,192.14742617788187,3216471568.33627,58390912497.66776,2021-11-27
solana,192.13619982447634,1351630152.313059,58410646819.21711,2021-11-28
solana,200.46141949418416,1935383257.029555,61094490229.682304,2021-11-29
solana,204.35042327956776,2007398408.756795,62325150548.69784,2021-11-30
solana,208.705589094445,2697160307.738946,63510180677.8961,2021-12-01
solana,229.4487239706693,3392086055.2374334,70172175382.70602,2021-12-02
solana,232.57222783967566,3994513448.87254,71252377813.81462,2021-12-03
solana,212.13388531266622,3755641183.1718,65135413411.05541,2021-12-04
solana,200.94131044922477,5616789175.450751,61293686195.46672,2021-12-05
solana,196.56894708665507,3228917298.9251223,59802410642.4824,2021-12-06
solana,193.89173190285274,3396199570.300543,59370079864.68529,2021-12-07
solana,190.37257114243482,2433284110.293539,58418632345.764206,2021-12-08
solana,194.30116864643182,2194875795.1411276,59595483461.428604,2021-12-09
solana,181.75158018469773,1858809298.6431613,56181625087.33603,2021-12-10
solana,169.46107045067666,1946102466.4617343,52395376111.97878,2021-12-11
solana,171.84456471947678,1791152660.6944845,52819332275.01751,2021-12-12
solana,173.73511343008292,1094395903.4166248,53334889635.756134,2021-12-13
solana,155.08489768608015,2372386156.3035607,47995350984.2677,2021-12-14
solana,161.06018556882867,2156901491.5380054,49398872819.44277,2021-12-15
solana,178.2619337658359,3458991299.158227,54610048507.25148,2021-12-16
solana,176.80558474391322,2454635867.467667,54368442494.9893,2021-12-17
solana,175.79063841353098,2355530732.258781,54006293233.102875,2021-12-18
solana,182.9705669569821,1440763837.45392,56393839315.24814,2021-12-19
solana,179.93839883526266,1441246078.159062,55790507174.071236,2021-12-20
solana,174.37115871651199,1718453799.121433,54061922630.24034,2021-12-21
solana,180.12601919521373,1539489579.1213927,55570757138.288246,2021-12-22
solana,178.57398150636655,1635078520.6954496,55058052155.04185,2021-12-23
solana,190.51215929842786,1932687191.4099677,58709806077.205986,2021-12-24
solana,190.4403687480951,1997417409.1442204,58852086815.42499,2021-12-25
solana,193.28925387578548,1257985154.9824424,59797071721.913025,2021-12-26
solana,198.19740128641658,1747475952.8078868,61198787207.68108,2021-12-27
solana,196.0391793952204,1631730024.3256166,60810349839.61329,2021-12-28
solana,178.29769922040717,2541804765.839321,55425780679.24532,2021-12-29
solana,171.27231463236643,1935535240.3698783,52726687301.09404,2021-12-30
solana,172.50889438021562,1379259729.504835,53261290659.86848,2021-12-31
solana,170.1966082645718,1380634374.4823568,52907181305.50652,2022-01-01
solana,178.88879762342907,960138212.5274444,55089640249.096664,2022-01-02
solana,176.32149989503122,846802662.8993707,54604426218.58956,2022-01-03
solana,170.57083886740085,1152100392.329671,52886550470.82176,2022-01-04
solana,168.0394848714517,1361207424.18007,52272480718.14088,2022-01-05
solana,155.71670664692078,1980976064.6564603,48184360964.1156,2022-01-06
solana,150.72362465772903,1922945442.8085198,46854691785.8186,2022-01-07
solana,136.6133086353095,2713161094.7767363,42610750948.59599,2022-01-08
solana,142.37691491093904,2495097582.9222703,44680435604.26222,2022-01-09
solana,140.97069019412947,1383486991.2692618,43844556062.79441,2022-01-10
solana,135.98215275078118,1797340432.3285239,42320546842.20343,2022-01-11
solana,140.2633692449685,1407732234.4002852,43823867475.83328,2022-01-12
solana,151.92225384391546,2048461630.20183,47534063482.95965,2022-01-13
solana,146.8991625118502,1972169296.5769014,45924153329.20764,2022-01-14
solana,146.31283636345285,1627092109.7732365,45849250868.07178,2022-01-15
solana,147.70351003866236,1003160676.7114657,46337099650.87288,2022-01-16
solana,147.94236767494985,1064526626.2870606,46450557289.26664,2022-01-17
solana,140.0483723855377,1342939698.2979736,44032309573.9257,2022-01-18
solana,141.634144063378,1327500384.0270393,44575080930.62185,2022-01-19
solana,135.5936205367398,1310094891.479366,42848572759.496826,2022-01-20
solana,128.56948450207307,1371674053.2248023,40727678847.05303,2022-01-21
solana,111.77542786353777,3853056390.3720913,35070043876.86985,2022-01-22
solana,94.51541078123918,4095835932.6350746,29665575896.047955,2022-01-23
solana,99.69162217459098,2611991894.5389414,31290905178.53205,2022-01-24
solana,91.91541131637003,4359827042.558423,28909954628.237045,2022-01-25
solana,95.09282864333939,2614011846.1962757,30084800205.779095,2022-01-26
solana,92.24801292004712,2847753595.488201,29243771848.310368,2022-01-27
solana,89.60158614183815,2421524797.0656857,28179557560.867977,2022-01-28
solana,91.42580267920562,1882874786.6910908,28786945733.928276,2022-01-29
solana,96.17869128153504,1478946858.3603432,30216232718.877556,2022-01-30
solana,93.40252902879779,941974724.429482,29427732656.729218,2022-01-31
solana,99.88984753621435,1715569710.5342922,31354693276.844906,2022-02-01
solana,110.12732330616494,3097993266.654722,34784263657.23243,2022-02-02
solana,101.8292164519742,2979450302.616579,31975373921.89307,2022-02-03
solana,100.87832034717168,2283972523.6144795,31833368519.650074,2022-02-04
solana,112.48079518340074,2844877285.5932903,35127905584.898895,2022-02-05
solana,114.33315412383556,2104149883.5664315,36087037718.41055,2022-02-06
solana,115.2834781341491,1281443040.6022959,36521264719.12104,2022-02-07
solana,117.67187313780884,2230152722.515911,37305112916.66873,2022-02-08
solana,113.69745549618692,2354525277.711969,36125330680.249535,2022-02-09
solana,114.34358742446604,1634212051.3702943,36294064610.281944,2022-02-10
solana,106.41810262178213,1963719800.2645695,33826915836.727123,2022-02-11
solana,96.46324431285534,1738208639.1534996,30597070580.09104,2022-02-12
solana,95.70003429059713,1336515340.137724,30347618773.26294,2022-02-13
solana,93.36714504855237,910049119.2353679,29672733160.79642,2022-02-14
solana,96.44224243421378,1364915626.6617208,30784741416.87896,2022-02-15
solana,104.85069673096622,1630619496.195204,33579862333.60316,2022-02-16
solana,101.95613259465958,1473078677.1202588,32707737720.154152,2022-02-17
solana,93.4045235835354,1463178693.3773677,29918359231.26159,2022-02-18
solana,90.10899056118771,1290677352.6433926,28828455911.828396,2022-02-19
solana,91.60559213966147,836883423.9090565,29209068299.47004,2022-02-20
solana,90.80316641928688,1428521632.3321967,29261491189.686405,2022-02-21
solana,83.14387140523519,2247461489.9635487,26727888651.40893,2022-02-22
solana,86.57269722666857,1577877587.2386572,27744256745.686615,2022-02-23
solana,85.26903088293193,1761310724.440881,27294663661.65063,2022-02-24
solana,89.05132726925892,4075674086.526734,28497445445.309517,2022-02-25
solana,92.73641556746163,2417499269.8008738,29919961866.348053,2022-02-26
solana,90.10798522206623,1316252928.3341599,28767659413.525894,2022-02-27
solana,85.56819666616444,1559328417.4245245,27360038516.30834,2022-02-28
solana,99.57917400308274,2674553479.2180743,31846087892.82589,2022-03-01
solana,98.75845247572444,2476563020.453062,31569373571.96833,2022-03-02
solana,100.78986523175992,2951039198.751416,32379126078.839725,2022-03-03
solana,95.55882629437178,1795535826.5550518,30435232238.200184,2022-03-04
solana,88.2451628518882,2029343357.151517,28319787092.93302,2022-03-05
solana,89.78895188514215,1164108659.2733207,28439402258.606415,2022-03-06
solana,84.63923583859497,1139246888.3328228,26835926882.34714,2022-03-07
solana,82.06724918865827,1884457926.903441,26300808792.830048,2022-03-08
solana,82.25360674455618,1704061421.1695168,26425486647.51813,2022-03-09
solana,88.185052838507,2082131364.035624,28509710713.35766,2022-03-10
solana,83.02500801904657,1706781764.3768432,26526485356.294556,2022-03-11
solana,80.69121367419427,1382838751.097293,26163052143.35841,2022-03-12
solana,81.60999773356421,776192786.1232313,26366084285.169167,2022-03-13
solana,78.99818199674436,949636517.694404,25452866391.0416,2022-03-14
solana,81.16870194524185,1317770720.4689145,26140341333.7746,2022-03-15
solana,82.94439063872372,1247125823.1505735,26592730954.19203,2022-03-16
solana,87.84993508447106,1872435776.0194497,27984951680.550426,2022-03-17
solana,87.96768776096062,1939375410.1723945,28483849999.645226,2022-03-18
solana,89.90595375292516,2216690010.2438216,28795996368.61534,2022-03-19
solana,92.40408532356939,1493437229.1232493,29598406487.051815,2022-03-20
solana,88.59618802144291,954767656.0285732,28394223139.824287,2022-03-21
solana,88.7701729513472,1145750669.0417037,28382479439.33157,2022-03-22
solana,90.50413587116581,1405727754.2331312,29048148956.10171,2022-03-23
solana,94.9197584526827,1433431548.5448608,30612053298.879955,2022-03-24
solana,102.1802283204168,2412096877.261528,32979523332.775997,2022-03-25
solana,98.6467426834056,1817213990.6348524,31980590349.304367,2022-03-26
solana,101.64121040495988,1009509747.3725619,33176556212.500633,2022-03-27
solana,106.90984972476438,1301984880.0039117,34802243172.81474,2022-03-28
solana,106.24001892236811,2396330997.762824,34753559141.629364,2022-03-29
solana,111.74644646494659,2434694052.670127,36192035879.28324,2022-03-30
solana,120.6985421756732,3208462667.358372,39218225944.819916,2022-03-31
solana,122.76130420785864,3421557221.672948,40036171559.14788,2022-04-01
solana,134.3709278834371,3831716307.2558904,43736096533.81698,2022-04-02
solana,132.265543980239,2989201592.6587396,43260457424.49813,2022-04-03
solana,136.6745408370863,2277967480.691483,44426659281.57661,2022-04-04
solana,132.34498367671756,2483670638.13783,43072219169.516655,2022-04-05
solana,126.60568047767862,2136267271.3883832,41374924383.733,2022-04-06
solana,112.52902554657368,3198015612.875086,36929750315.179565,2022-04-07
solana,118.68839511414586,2381088467.183991,38892547341.88895,2022-04-08
solana,109.69148769667358,2314898911.4950137,35663008069.967834,2022-04-09
solana,113.00645605235755,1201163544.2593207,37007525656.87938,2022-04-10
solana,112.17415972141916,1163112953.8060896,36884144376.64433,2022-04-11
solana,99.4525253186753,2180410357.199723,32731502385.0518,2022-04-12
solana,103.5030349870942,2285179235.3492475,33941121649.55018,2022-04-13
solana,104.84447690095557,1533589774.7178605,34394710741.73072,2022-04-14
solana,100.73923844736916,1652768959.5959563,33098172133.64845,2022-04-15
solana,101.34727865599696,1039846461.4171497,33734041429.04125,2022-04-16
solana,102.31192588830538,753838887.3536072,34194983211.01313,2022-04-17
solana,100.4425980848116,1010545062.3745848,33314012331.385365,2022-04-18
solana,102.2653514381208,1645729150.7199407,34026715047.300804,2022-04-19
solana,108.54104696942882,1691707373.133408,36133130809.64366,2022-04-20
solana,105.5952606987279,1664918521.578962,35158424198.86379,2022-04-21
solana,101.80288174581625,1757789782.5788085,33918138036.798676,2022-04-22
solana,100.63914018210745,1204999233.8086708,33613226147.45872,2022-04-23
solana,100.76479327231522,778991677.6991111,33668501950.9363,2022-04-24
solana,99.17128671058997,819713309.5195763,33192811336.931053,2022-04-25
solana,101.29344264300205,1553588587.2853208,33812175574.169964,2022-04-26
solana,95.71302246920415,1216992668.6442692,31900244698.208424,2022-04-27
solana,98.3678448915887,1141929423.6020868,32839728894.8058,2022-04-28
solana,98.00485093884978,1172675512.7221277,32699186204.272743,2022-04-29
solana,94.09484079716263,1226739530.418352,31459421205.330902,2022-04-30
solana,85.30298356157343,1165702569.1965828,28318851858.6442,2022-05-01
solana,89.73834617404604,1353041268.675068,30026659597.990982,2022-05-02
solana,87.6049851260926,1159472392.7641306,29293697485.51745,2022-05-03
solana,85.88113182978256,948338116.737006,28715318659.659317,2022-05-04
solana,92.82061835080546,1327465205.0892406,30994771499.55642,2022-05-05
solana,84.62182696838384,1637132124.7174425,28284214619.368317,2022-05-06
solana,81.76031251495388,1446023145.0954676,27380670118.60705,2022-05-07
solana,79.1909801214645,1090782916.94857,26603063057.69169,2022-05-08
solana,74.92241129843457,1351838825.944728,25191538889.48352,2022-05-09
solana,63.59080375212239,2515612885.9428644,21563497316.93072,2022-05-10
solana,66.73197492092409,3263209052.6573524,22405510212.754276,2022-05-11
solana,50.32055764767889,3882793179.2718267,16302314327.382017,2022-05-12
solana,44.64907159879217,3786283031.466092,15038211406.02383,2022-05-13
solana,48.604749742620285,2460641108.5750523,16446880063.642275,2022-05-14
solana,52.53693016663614,1495503985.9666162,17710082184.40001,2022-05-15
solana,58.845207179976505,1436230716.4213793,19795956495.33785,2022-05-16
solana,53.64872755824407,1827404198.1845071,18091955633.77028,2022-05-17
solana,57.41976646466422,1508263415.4674506,19373241293.241146,2022-05-18
solana,49.76196637946705,1511110400.9093611,16804431123.837723,2022-05-19
solana,52.332264069475926,1653750850.1835728,17743141448.602818,2022-05-20
solana,49.58463231269403,1528688330.072058,16857955013.649868,2022-05-21
solana,50.34352259407359,834922127.3080446,17117178967.638582,2022-05-22
solana,52.767400507738245,907949758.6084307,17927983077.406696,2022-05-23
solana,49.12044024307904,1478212937.8255913,16667943417.370811,2022-05-24
solana,49.636798974862586,1373294087.332745,16838184202.890331,2022-05-25
solana,48.056134850350986,1161803907.879002,16335715467.127663,2022-05-26
solana,43.546922400599904,2324631757.4733853,14806873946.379969,2022-05-27
solana,40.99753816385139,2080433059.2963018,13886425335.92009,2022-05-28
solana,44.46481243620848,1266578193.285666,15147901018.996235,2022-05-29
solana,44.92918554220565,1285770588.8691306,15240706243.752535,2022-05-30
solana,47.19388053427913,1756204402.2952044,16054338780.311176,2022-05-31
solana,45.97177874707522,1569956999.7450187,15607744325.008366,2022-06-01
solana,40.24040840767166,1528211460.429582,13719294294.809011,2022-06-02
solana,40.889861237118055,1645018556.665849,13925500009.440636,2022-06-03
solana,38.27578860880165,1353892685.3609943,12945160667.449034,2022-06-04
solana,38.977511864594476,1126087087.4100382,13170913879.692818,2022-06-05
solana,38.46322506754232,1070849320.4790895,13116723564.811241,2022-06-06
solana,42.41060097547512,2033441074.0264156,14456497792.40814,2022-06-07
solana,39.54988117863195,1810983946.8089595,13508568426.035679,2022-06-08
solana,38.84247541383652,1249666784.6492941,13274452699.317907,2022-06-09
solana,39.968293957459224,1272667344.2176604,13674820596.04396,2022-06-10
solana,37.08479689474987,1271100605.4660854,12668804911.432922,2022-06-11
solana,33.807388422050096,1218255700.9094672,11572660691.705263,2022-06-12
solana,30.743227017287673,1436075943.2407134,10608680978.318361,2022-06-13
solana,28.19296638841233,2782439336.108326,9406103235.502136,2022-06-14
solana,29.71678758953202,2251274075.1695733,10187884853.022085,2022-06-15
solana,34.488080805614366,2629566358.3757453,11709149277.269354,2022-06-16
solana,30.07068349379034,1921578627.3777452,10245461840.006529,2022-06-17
solana,30.872720498925386,1356441011.606505,10611942137.884016,2022-06-18
solana,31.81920871210764,1985976665.1509438,10801954806.837732,2022-06-19
solana,34.19205503380821,2107037437.9519136,11668548379.070122,2022-06-20
solana,35.469042360178356,2113624516.41859,12160553284.461643,2022-06-21
solana,36.13937945011591,1722909851.6266644,12360022351.807024,2022-06-22
solana,34.23012589505999,1510462542.9317844,11762783422.768148,2022-06-23
solana,38.21182318782288,1701452303.388661,13147607750.937174,2022-06-24
solana,42.477220280035226,1721984760.7703247,14600518798.303469,2022-06-25
solana,42.386373142046885,1289448179.9335928,14506227735.872713,2022-06-26
solana,39.498441762282916,1153549984.9586856,13523527664.973293,2022-06-27
solana,38.50106935796682,1122612570.61606,13201680175.256578,2022-06-28
solana,35.326033591585926,1243120766.4066389,12087889411.018717,2022-06-29
solana,33.91501146159494,1300629589.7344081,11618504834.1876,2022-06-30
solana,33.31459552878431,1194361731.4780726,11335169279.75531,2022-07-01
solana,33.03847781026744,1323586234.6518767,11439454289.183853,2022-07-02
solana,33.42207503046209,649702017.3097271,11471587893.148573,2022-07-03
solana,33.44782701859301,567550823.1229583,11480814253.62638,2022-07-04
solana,36.77949394045729,986918298.1842804,12596079600.052696,2022-07-05
solana,35.32196887460825,1434571719.0946403,12138245305.30001,2022-07-06
solana,37.09265792987144,1290650060.4876883,12734796275.5487,2022-07-07
solana,38.546664352464504,1133093192.2844696,13277309359.948143,2022-07-08
solana,38.594429443195615,1426352674.1079457,13380490031.557814,2022-07-09
solana,38.06013313228005,623415737.825602,13134459003.717667,2022-07-10
solana,36.72673590110457,648503659.1497688,12680872339.650648,2022-07-11
solana,33.50915025006571,789921907.7126,11600411536.227007,2022-07-12
solana,32.81893154431144,821873017.4891754,11406193662.951624,2022-07-13
solana,34.94649867641145,1220534706.7691572,12072416721.326193,2022-07-14
solana,37.17597728466076,1328292764.1162877,12850093050.016483,2022-07-15
solana,37.44045111321192,1325304479.5640984,12938130582.027664,2022-07-16
solana,39.60146830743091,1064139738.9007052,13666217564.389097,2022-07-17
solana,38.62422664809307,1087710892.947254,13432332940.686584,2022-07-18
solana,43.68127821391667,1523091935.5722816,14864108116.482193,2022-07-19
solana,44.92662577061741,2407640203.1217437,15517487195.968199,2022-07-20
solana,42.19129439126226,2006723913.839469,14654904729.64616,2022-07-21
solana,43.18589352726285,1862704596.082017,14946518783.24268,2022-07-22
solana,40.57509235571396,1394893424.65535,14004906061.876736,2022-07-23
solana,40.12586568362252,992235932.5388896,13860175820.994202,2022-07-24
solana,40.98522629187172,868436701.4011792,14275526154.880024,2022-07-25
solana,36.70021199705349,1165279221.010389,12694337922.664095,2022-07-26
solana,36.2281816493087,1096644463.4554398,12538834971.994652,2022-07-27
solana,40.29544931385727,1502670727.8285682,14009415149.226555,2022-07-28
solana,42.831212766381604,1933182890.1452446,14829428736.730556,2022-07-29
solana,42.13988872458668,1636823549.5577118,14752480667.049614,2022-07-30
solana,43.80347390626749,1727836476.8308892,15135249027.917732,2022-07-31
solana,42.48000309195332,1063136070.9609044,14746724189.24462,2022-08-01
solana,41.70142770548663,992134330.4912795,14458934769.72863,2022-08-02
solana,40.21202813817764,1118387777.702856,14143900211.320498,2022-08-03
solana,38.634063074873644,2172402130.6817017,13359558185.807447,2022-08-04
solana,38.94463727964988,1243098510.5788705,13471456881.53044,2022-08-05
solana,40.496917469507096,1158100840.781711,13995005582.457253,2022-08-06
solana,40.17551021431985,656059617.1933181,13910405478.086643,2022-08-07
solana,40.646219845232366,582195944.9537838,14115646955.218586,2022-08-08
solana,42.156823142394586,1163065597.4171379,14696098301.05854,2022-08-09
solana,40.49015736455393,874683627.6302427,14091576296.766705,2022-08-10
solana,42.295780396654315,1417788636.165627,14682953331.34928,2022-08-11
solana,42.75287041576665,1782051840.4220102,14901555484.077663,2022-08-12
solana,45.34052505434913,1081174401.4710395,15769739253.564829,2022-08-13
solana,46.62762818566225,1223890252.0075288,16242663928.464354,2022-08-14
solana,44.97769928373126,1000632052.6130948,15707019257.476545,2022-08-15
solana,43.902581229420576,1018586521.1311351,15322661204.914495,2022-08-16
solana,43.25208387360771,1075537996.038997,15065562430.299425,2022-08-17
solana,40.5562855378095,1249877706.4194226,14161164134.098574,2022-08-18
solana,39.618894866249,824971812.0861026,13863255686.50742,2022-08-19
solana,35.98979542858258,1786764403.0995638,12530469534.206604,2022-08-20
solana,35.23183017005089,1200537393.533252,12256688441.221127,2022-08-21
solana,36.53272408478192,991224706.6295438,12815310875.36842,2022-08-22
solana,35.48979518227352,1122987607.7129617,12352579320.923264,2022-08-23
solana,35.705064719424506,827899999.1174744,12481061524.742058,2022-08-24
solana,34.98161284031775,908130561.79342,12227264266.325634,2022-08-25
solana,35.34736653928148,656358314.0354196,12346020470.353111,2022-08-26
solana,31.78642232940313,1248900621.3673773,11046201721.516457,2022-08-27
solana,31.639231915430067,698084660.9387999,11052608204.778694,2022-08-28
solana,30.630708245633155,505611658.52911663,10721767532.443155,2022-08-29
solana,32.4676226051912,829387148.7218318,11387115687.58702,2022-08-30
solana,31.460462070253442,846296043.2180582,11032381033.17492,2022-08-31
solana,31.453501865317026,710498153.0277057,10982002954.905945,2022-09-01
solana,31.62752044554708,654715113.9384351,11037789630.859673,2022-09-02
solana,31.196467701402543,627140311.5505403,10904364506.21477,2022-09-03
solana,31.076260104837697,287508158.29383236,10881773797.626608,2022-09-04
solana,32.14492440492364,370560789.6642585,11245569490.176376,2022-09-05
solana,32.21580982933859,511686055.75999683,11264121877.829931,2022-09-06
solana,30.932571057846985,1208999754.4365814,10834953198.21636,2022-09-07
solana,32.75240078147267,796019432.9809626,11595827258.284111,2022-09-08
solana,33.60651304711081,927246036.3578213,11847628650.711002,2022-09-09
solana,34.707446929384965,1098697449.024227,12244442276.894312,2022-09-10
solana,35.15110408808845,675183558.1129656,12419481830.60969,2022-09-11
solana,34.90471667494537,712287831.9646752,12331013775.49605,2022-09-12
solana,37.344616214599014,1608877258.549003,13183798412.038559,2022-09-13
solana,33.05973266575832,1685408590.3072696,11697896819.864315,2022-09-14
solana,34.071010519185705,938917179.6482323,12027439275.115053,2022-09-15
solana,33.064248381166855,1035640342.7263201,11742374385.911652,2022-09-16
solana,32.18223307870709,728064867.9128903,11380713338.498137,2022-09-17
solana,33.76184563714559,477780407.4338617,11970489829.734241,2022-09-18
solana,31.08875046830983,652419202.8586738,11014413847.322668,2022-09-19
solana,32.71343099163381,963739018.810559,11598805636.589422,2022-09-20
solana,31.405493503670975,798987431.1913335,11136148382.136087,2022-09-21
solana,30.825149460297027,1180925645.8909633,10920166914.722517,2022-09-22
solana,32.46791740152261,833383661.5669668,11489637349.237127,2022-09-23
solana,33.71195119466151,969718528.5144931,11974606498.90307,2022-09-24
solana,33.5038789488122,821677077.6160394,11877506512.459015,2022-09-25
solana,32.32786924066603,576312106.3719692,11474712536.430689,2022-09-26
solana,33.85239531271168,908933850.0448053,11924970586.09745,2022-09-27
solana,32.76612155979491,1221276543.7791965,11669868172.591715,2022-09-28
solana,33.303299964397056,958564795.8003093,11817378025.545616,2022-09-29
solana,33.93599567295436,949323509.3667252,12066578261.8937,2022-09-30
solana,33.24966351604033,1166717015.8559887,11808862837.8495,2022-10-01
solana,32.45579081734204,475812174.3197378,11538414123.40477,2022-10-02
solana,32.09702548893108,518124769.2139249,11395149007.96318,2022-10-03
solana,32.9839333048039,621968801.9772867,11735344819.59952,2022-10-04
solana,34.12979146381925,692957762.0497013,12125352215.94055,2022-10-05
solana,34.09322257643218,641193220.7004185,12104501989.14961,2022-10-06
solana,33.33775389191098,670556864.3795924,11847564337.73259,2022-10-07
solana,32.91839237624644,672974282.6869308,11692923622.972769,2022-10-08
solana,32.60000089346164,351714131.76632375,11634868896.090433,2022-10-09
solana,32.90519327468117,394694049.41824853,11733010112.995802,2022-10-10
solana,31.96971297778321,630989029.3279732,11448167353.522726,2022-10-11
solana,30.78828821701152,720050451.2850903,10986691633.704071,2022-10-12
solana,31.141224150324152,481852424.7749899,11138186203.67174,2022-10-13
solana,30.58269363666032,1268002433.7508016,10936034776.859634,2022-10-14
solana,30.03589921524538,800163982.9576544,10723795928.143963,2022-10-15
solana,29.576743642363166,545155338.8042386,10608095633.113876,2022-10-16
solana,30.166911022944717,598450021.1571373,10784111501.178593,2022-10-17
solana,31.244752367609617,643752962.6927968,11181494599.052498,2022-10-18
solana,30.20117255023985,685750091.5759565,10820701606.868002,2022-10-19
solana,28.896837887443453,721536356.0827088,10362112405.2089,2022-10-20
solana,28.066217683059563,853073860.6320565,10052442946.746214,2022-10-21
solana,28.106224235014817,1004074184.5998532,10070949099.133055,2022-10-22
solana,28.023343879724933,488911345.3582951,10044295675.710756,2022-10-23
solana,29.236688692602588,670006995.1267443,10480620512.612085,2022-10-24
solana,28.27000912814364,739684192.5144422,10121680743.469507,2022-10-25
solana,30.94126246793174,1346256624.9263418,11077575224.180061,2022-10-26
solana,31.282585848386002,1240751124.7860923,11203611590.840313,2022-10-27
solana,30.645340017734377,1179536961.8589184,11016715358.289034,2022-10-28
solana,32.11387302905561,1011210916.4982288,11523992959.017834,2022-10-29
solana,32.83944699956292,1095984786.7033808,11775325291.527168,2022-10-30
solana,32.90718815746148,704167456.2532895,11772898715.527397,2022-10-31
solana,32.601269385086546,1142703750.6176102,11727290548.409676,2022-11-01
solana,32.241011165572196,1299519862.8820033,11588937673.913483,2022-11-02
solana,30.788368557204965,1780701025.102764,11076265328.769896,2022-11-03
solana,30.826600438059216,1419473857.644456,11061246430.431095,2022-11-04
solana,33.78843206020886,2002856945.8223312,12137630163.181673,2022-11-05
solana,36.718402105659706,3501844329.574087,13202283372.116499,2022-11-06
solana,32.77319825330046,2458440631.199437,11783689545.401735,2022-11-07
solana,29.549317195242182,3400112554.363026,10655109386.652067,2022-11-08
solana,24.228110657252586,5868071366.150859,8815290464.791733,2022-11-09
solana,14.004070064665834,4375833758.9428425,5120135551.789889,2022-11-10
solana,17.835598021542133,4179359302.1139283,6419997387.603283,2022-11-11
solana,16.62539193943823,2174804309.6338873,5963504846.885816,2022-11-12
solana,14.705480178123391,770041818.9233199,5331217054.927404,2022-11-13
solana,13.252557222481085,782848284.1010079,4816392214.34615,2022-11-14
solana,14.096615435025512,1300493081.0801651,5121041157.026807,2022-11-15
solana,14.355239175466979,811376855.5993807,5205583202.097879,2022-11-16
solana,14.355619333262617,478085250.6656857,5186877452.360098,2022-11-17
solana,13.6648684030464,651561392.8174475,4954608939.395693,2022-11-18
solana,13.297631137033255,343052461.91756934,4831754494.869416,2022-11-19
solana,12.884681620446196,300941946.44072694,4683383043.293358,2022-11-20
solana,12.34545378191367,487321298.8382488,4470695233.321518,2022-11-21
solana,11.918134100426501,484804704.0939548,4319145655.912079,2022-11-22
solana,12.43518958219904,523436176.52727956,4530165523.577384,2022-11-23
solana,14.41547582162108,846044003.9379725,5242384046.294304,2022-11-24
solana,14.592503903295015,618848577.7768759,5295975306.296668,2022-11-25
solana,14.075605372227663,360308376.55489725,5120779702.054626,2022-11-26
solana,14.165189223351776,375214637.0139425,5142450538.968229,2022-11-27
solana,14.106428306970507,255763021.75767612,5138320693.997138,2022-11-28
solana,13.343102977299333,503946286.2775735,4848821246.040962,2022-11-29
solana,13.374085329507322,298911192.2227095,4865903266.783448,2022-11-30
solana,14.147104839194206,302419321.5309636,5160133742.783542,2022-12-01
solana,13.509181414049966,268679954.05166477,4905910344.469534,2022-12-02
solana,13.765463207102767,285026800.2964149,5000690502.576446,2022-12-03
solana,13.334397065233695,197683828.19471982,4863696934.396812,2022-12-04
solana,13.77680995818705,173958273.40331942,5008063958.883705,2022-12-05
solana,13.873608444994208,383499016.80148494,5053925412.5079,2022-12-06
solana,14.297707876898496,333400205.3605979,5195420302.808301,2022-12-07
solana,13.536826034301907,272839148.557638,4939250221.600364,2022-12-08
solana,13.693154351693547,236384884.0596055,5016573038.668547,2022-12-09
solana,13.612942245486757,257533932.18985865,4985978110.515763,2022-12-10
solana,13.585881060448473,123957064.3412863,4967608679.209892,2022-12-11
solana,13.43947528747435,132233094.81496389,4920995808.77367,2022-12-12
solana,13.323956780887805,250950456.28681812,4889774456.9624195,2022-12-13
solana,13.828059313467737,388863061.30960846,5067860068.029484,2022-12-14
solana,14.149132608950133,531056515.2151283,5187094164.825271,2022-12-15
solana,13.99445500184834,320493477.5260672,5134598270.270708,2022-12-16
solana,12.272262832879411,416039758.06094825,4487828854.561585,2022-12-17
solana,12.525815065018055,277076734.499642,4589791879.193693,2022-12-18
solana,12.416580463138258,127947867.99234843,4577684410.907368,2022-12-19
solana,11.935662354331416,240138137.94819236,4386451838.861884,2022-12-20
solana,12.280549822837152,203088901.02443212,4505699073.905926,2022-12-21
solana,12.119428779139206,189500696.85764608,4442285590.081545,2022-12-22
solana,11.794712289114807,205996063.58829954,4304981639.738414,2022-12-23
solana,11.800554937016997,177437763.39524356,4327532615.708606,2022-12-24
solana,11.470319693968511,226479857.46658057,4207271979.819264,2022-12-25
solana,11.400966653702737,112713128.3584248,4185139946.6090064,2022-12-26
solana,11.301306466517868,151024935.72843203,4147178331.1958785,2022-12-27
solana,11.080348903525167,260619507.5239311,4063717880.57174,2022-12-28
solana,9.770824845767208,524688006.4445435,3585609635.8001738,2022-12-29
solana,9.597795220448539,838317810.1546487,3537484124.7943234,2022-12-30
solana,9.888231243760044,996392621.605559,3630516626.225645,2022-12-31
solana,9.961462943297743,328903351.52016157,3663707629.8526206,2023-01-01
solana,9.973949402565085,220369604.52709436,3670345897.629763,2023-01-02
solana,11.266377430112355,612350127.506016,4150541190.495974,2023-01-03
solana,13.35539239265287,1332758654.0819988,4897985570.664733,2023-01-04
solana,13.456292702243212,1282105634.6437464,4953205509.879085,2023-01-05
solana,13.4384801751579,597269711.7742606,4943576397.427822,2023-01-06
solana,13.52449342211224,488298544.71331793,4984816083.874325,2023-01-07
solana,13.088904148424348,206848508.91488263,4837378850.913317,2023-01-08
solana,14.366071146091024,641916931.2187709,5151917607.84378,2023-01-09
solana,16.302299779948743,1889438468.2886298,6031956017.044448,2023-01-10
solana,16.203193608411635,854036815.4897147,6001548952.666129,2023-01-11
solana,16.463404027248835,749738092.7270372,6106281178.181655,2023-01-12
solana,16.615747688335087,948123277.6083641,6160624328.048672,2023-01-13
solana,18.279734593696567,1221076768.1980367,6767551967.350333,2023-01-14
solana,24.302862020252288,4130184710.826154,9066218089.522646,2023-01-15
solana,22.837523286781188,1967106481.9434114,8465167529.981883,2023-01-16
solana,23.58595194500377,1775938541.45958,8762954564.82465,2023-01-17
solana,22.88158744195828,1033549762.1336452,8525510205.462621,2023-01-18
solana,20.85763434507722,1543991743.304109,7710048711.615839,2023-01-19
solana,21.414560030848286,898504341.2684329,7934995923.191625,2023-01-20
solana,25.575834872318875,1527407710.5157359,9489394201.957804,2023-01-21
solana,24.66528659481628,2096626033.2535574,9143727538.633389,2023-01-22
solana,24.271834895555187,970991825.3141448,9004757973.453108,2023-01-23
solana,24.42662802224712,917151760.5324672,9057978593.358006,2023-01-24
solana,22.789340075999174,855305584.5316638,8470454667.8265915,2023-01-25
solana,24.66040314512689,1389562422.6066904,9151912233.305305,2023-01-26
solana,24.36322901881959,811737989.6856995,9052529628.297161,2023-01-27
solana,24.413747574727985,702646248.4944212,9066608034.902922,2023-01-28
solana,23.986175814200923,522601581.6915137,8888774937.513983,2023-01-29
solana,26.177676356517786,1086841729.8600228,9723380871.434278,2023-01-30
solana,23.963335339722715,1111636437.09002,8894199458.02625,2023-01-31
solana,23.961391317370346,636667495.0187764,8896873315.819334,2023-02-01
solana,24.983305840269857,1017077833.8746504,9295594682.001568,2023-02-02
solana,24.31948995599126,1066576080.9274372,9062290851.692661,2023-02-03
solana,24.68649699930336,781139212.0640733,9209669774.762846,2023-02-04
solana,24.352020663436914,350243684.4482565,9084646376.720587,2023-02-05
solana,23.513631913468004,638580954.9262303,8775453234.400503,2023-02-06
solana,22.716952472159907,463322357.86849886,8463616399.329708,2023-02-07
solana,23.90420986102095,707393494.1668731,8928209652.21195,2023-02-08
solana,23.20655514024452,581769819.4598817,8681217220.957706,2023-02-09
solana,20.437682981228342,808728417.656008,7674814944.971446,2023-02-10
solana,20.123843926968277,684166038.4850869,7582538971.715706,2023-02-11
solana,20.84493733301781,278031093.4530366,7825374946.872857,2023-02-12
solana,21.44076791086341,544548720.7939905,8057257217.572684,2023-02-13
solana,20.784744709901553,723121577.9813033,7804126001.846962,2023-02-14
solana,21.845218317851522,850945955.5827794,8222948441.256965,2023-02-15
solana,23.889195936602945,831022310.6845816,8975776575.30878,2023-02-16
solana,22.34460084623935,956362734.2974708,8400837292.390615,2023-02-17
solana,23.193970760954844,666303722.2640171,8757810457.777061,2023-02-18
solana,23.45134176118436,411412105.6730705,8864240990.711231,2023-02-19
solana,24.810534025961243,1082089933.532258,9416249238.487823,2023-02-20
solana,26.03500765229307,1528181094.5658994,9849428455.392427,2023-02-21
solana,24.92100975933338,971104096.0161645,9410006572.060625,2023-02-22
solana,24.17008033584799,1006550896.1129414,9148040150.61283,2023-02-23
solana,23.92438702728231,617535605.1973163,9024298203.902431,2023-02-24
solana,23.05835270436486,649161438.3791043,8723841537.761139,2023-02-25
solana,22.410354409005556,582781483.0965183,8461125692.332631,2023-02-26
solana,23.2309130687567,447765032.4162541,8789815699.846401,2023-02-27
solana,22.693578143913324,515693154.2203986,8589782940.913688,2023-02-28
solana,21.915750684020768,353854572.7492246,8278729498.564519,2023-03-01
solana,22.505797650327754,368841392.13948405,8530663779.645123,2023-03-02
solana,21.97401655702821,331963626.27965164,8328272221.796302,2023-03-03
solana,21.406769225209032,498070582.62262857,8106249844.5340605,2023-03-04
solana,20.955534666423198,254558509.36512622,7946564768.282082,2023-03-05
solana,21.002570684743905,269435912.69715065,8013062334.5354595,2023-03-06
solana,20.630964332653576,325982714.8101539,7891217439.147805,2023-03-07
solana,20.272742155068944,397969144.7396385,7742957402.802464,2023-03-08
solana,18.427916426509864,654065004.8333755,7066726944.332695,2023-03-09
solana,17.333062116446644,817533089.0492163,6615095595.2118635,2023-03-10
solana,18.212698187615544,988470037.0370774,7004462520.100822,2023-03-11
solana,18.068481612784193,671121164.8535483,6928931920.550202,2023-03-12
solana,20.33815687662464,766795515.8276222,7755318676.394037,2023-03-13
solana,20.37708065182474,1115385621.1475735,7821977632.749297,2023-03-14
solana,20.979934755407683,1216812986.3855429,8029661085.939712,2023-03-15
solana,19.336400031117087,891834503.6819715,7414057337.321378,2023-03-16
solana,19.83281185840033,505612446.9622918,7607669118.344841,2023-03-17
solana,21.644627640065494,746567229.3004439,8298944866.274058,2023-03-18
solana,21.3174625685989,984171481.07422,8167246753.172318,2023-03-19
solana,22.022111232219224,671444269.1507742,8495353255.962753,2023-03-20
solana,22.322024083945994,1214980639.4615438,8570996250.733115,2023-03-21
solana,22.74020634944038,725964027.5931699,8718952337.679441,2023-03-22
solana,21.578068068860432,914736382.9514166,8277163932.31642,2023-03-23
solana,22.306155317675998,538469214.2199258,8543484776.055639,2023-03-24
solana,20.77377095038958,635693408.6530313,7977960408.113832,2023-03-25
solana,20.593698856407208,387073479.37430376,7901578024.349372,2023-03-26
solana,20.982289382374262,326327791.34329385,8079229951.395789,2023-03-27
solana,19.9575402149083,406232834.8456671,7655291926.183579,2023-03-28
solana,20.499340517704876,400868517.6234316,7878765558.4754715,2023-03-29
solana,21.13233391276909,422168351.8303799,8122141676.472303,2023-03-30
solana,20.574404775975303,532520991.04108644,7919320174.471215,2023-03-31
solana,21.205401851519337,415947399.7233951,8194996259.08917,2023-04-01
solana,21.083500216310668,251948585.428472,8133720019.793032,2023-04-02
solana,20.565439368841062,250939723.33480495,7929638196.330592,2023-04-03
solana,20.436690295056867,529752910.7331683,7900168640.993755,2023-04-04
solana,20.92110064061127,348472966.7851743,8093519489.19683,2023-04-05
solana,20.982374355205106,361878192.5535392,8139780743.430709,2023-04-06
solana,20.609002527101183,271953094.7888084,7980951367.926036,2023-04-07
solana,20.483785300410602,208769926.08216602,7945861961.167704,2023-04-08
solana,20.042581304598304,229345793.28866065,7779827678.559762,2023-04-09
solana,20.30433669084828,195652671.40967616,7886462397.659908,2023-04-10
solana,20.875123146348265,243051082.7697442,8111384994.393847,2023-04-11
solana,23.005654690114106,1081779112.3649075,9019417673.037657,2023-04-12
solana,23.830532666421693,1370531367.9251795,9350156509.874369,2023-04-13
solana,24.42771024521707,666066820.0916648,9566762973.066217,2023-04-14
solana,24.77371399717611,825834920.5602269,9705804479.0832,2023-04-15
solana,24.076086968961334,387945854.00479144,9451805831.229778,2023-04-16
solana,25.295764682293626,514890126.18420947,9920073717.128748,2023-04-17
solana,24.582472271741043,910595768.7039962,9623598168.573133,2023-04-18
solana,24.828831956308186,558944406.0314553,9739599132.263357,2023-04-19
solana,22.66921834829298,974039298.9106188,8903451124.568312,2023-04-20
solana,22.17878507364592,712597030.0493151,8697671636.546442,2023-04-21
solana,21.256329975789992,527655622.1631929,8333890309.334352,2023-04-22
solana,21.85149833032492,249197740.8361164,8584446324.231401,2023-04-23
solana,21.49927294670662,348355516.8754679,8420199212.273126,2023-04-24
solana,21.388123623341926,401676853.0626663,8399117356.571699,2023-04-25
solana,21.93961247225034,409777211.6820076,8617142936.350363,2023-04-26
solana,21.25624752923348,778775424.108569,8354008434.670635,2023-04-27
solana,22.337864023679735,588617917.5009629,8756193576.97448,2023-04-28
solana,23.374818189016118,571324657.1728787,9208471390.321592,2023-04-29
solana,23.12840167422879,419332790.79053307,9092156212.487627,2023-04-30
solana,22.998321615708303,425241774.7039137,9057154980.365274,2023-05-01
solana,22.00748575266789,505839771.41452694,8651811979.929995,2023-05-02
solana,22.262824662378538,326717891.1492143,8773546966.16016,2023-05-03
solana,22.21964186016809,493483012.2385331,8762010269.84146,2023-05-04
solana,21.741800973800856,330851121.9196332,8571042186.731829,2023-05-05
solana,22.81860623219127,495492869.2605281,8999007584.2166,2023-05-06
solana,21.986706406341238,387964991.34185696,8661587000.942377,2023-05-07
solana,22.002452285817817,341580978.5898679,8705466133.769728,2023-05-08
solana,20.65668464098513,647060628.2950592,8146997991.830378,2023-05-09
solana,20.656981167558687,318980320.96681505,8164794903.556,2023-05-10
solana,20.975704627626367,525984506.46583825,8287539919.545623,2023-05-11
solana,20.25440267119237,428549097.3925601,8015037356.982577,2023-05-12
solana,20.920162303818756,397702422.40830547,8274505085.732654,2023-05-13
solana,20.899582667518416,252119905.38455606,8297710532.113992,2023-05-14
solana,20.936961536705592,211874592.44175723,8280978190.929416,2023-05-15
solana,21.037748291765592,339745928.0609949,8316882669.84985,2023-05-16
solana,20.686212717829434,338232379.0015512,8187913902.158279,2023-05-17
solana,21.058205359893172,332798485.4910487,8341868800.046011,2023-05-18
solana,20.34519578780548,325479692.16594124,8061536789.167275,2023-05-19
solana,20.351526847180452,159063269.00987265,8059779103.665763,2023-05-20
solana,20.269684813481774,129666227.92747962,8022997471.517465,2023-05-21
solana,19.630800782887565,236865558.0071539,7783712425.51017,2023-05-22
solana,19.558762789709252,245317080.64974216,7749799385.59985,2023-05-23
solana,20.04690938871374,293341170.1322027,7940043369.313906,2023-05-24
solana,19.214323127332815,317110913.7217349,7619548993.269599,2023-05-25
solana,19.25614469626469,231050352.92165512,7626215765.408768,2023-05-26
solana,19.36699951306376,181186113.21084023,7676617783.5293455,2023-05-27
solana,20.405231600621736,209249088.6518294,8089935112.023952,2023-05-28
solana,20.815122816700484,319936574.8104172,8259241871.664162,2023-05-29
solana,20.57365784393182,263476675.879753,8162528825.077333,2023-05-30
solana,21.24838739611184,390015607.56853145,8420948536.256156,2023-05-31
solana,20.82042686685682,264038937.441645,8253719265.038129,2023-06-01
solana,20.512888560566594,229620968.9783873,8135209555.988281,2023-06-02
solana,21.257126169627412,262878676.0490332,8440560224.313393,2023-06-03
solana,21.148206267732874,159566542.16562247,8395562285.774495,2023-06-04
solana,21.869750120036684,372653389.2570282,8705745044.414808,2023-06-05
solana,20.082497255511015,663116037.0576035,7993273614.350522,2023-06-06
solana,20.399316366367188,490820421.98380524,8102758544.84506,2023-06-07
solana,18.64940911323256,412771478.26392466,7429398031.748883,2023-06-08
solana,18.91886786249937,295929574.27186555,7533243369.330318,2023-06-09
solana,17.319852048307002,511958399.05938685,6890419608.144915,2023-06-10
solana,15.712291030595962,1409006890.3433423,6262620811.883113,2023-06-11
solana,15.552165715300829,495437298.97303975,6191248338.350977,2023-06-12
solana,15.219121441698295,431328719.29389066,6067764743.466437,2023-06-13
solana,14.996084137168715,403335227.95252687,5975770710.188687,2023-06-14
solana,14.511891316589251,327310831.82671124,5789069977.260347,2023-06-15
solana,14.741774826096673,371929576.69780713,5880524857.505803,2023-06-16
solana,15.305652843805758,256057658.1759769,6109552126.06054,2023-06-17
solana,15.626354272653252,218008809.31199142,6246219926.833057,2023-06-18
solana,15.434485233897272,155673889.3726953,6170109454.954071,2023-06-19
solana,16.038762253116875,150009939.35791972,6382655003.177078,2023-06-20
solana,16.625143403026637,248748774.3427503,6629964493.675703,2023-06-21
solana,17.263202092310653,315268431.8778776,6903161332.170283,2023-06-22
solana,16.645392580230443,295506781.44293725,6663990154.562925,2023-06-23
solana,17.100927585909893,328345333.92381984,6825331675.927217,2023-06-24
solana,16.63062758389679,235858972.60968322,6642182122.570187,2023-06-25
solana,16.96011970924781,212892011.92185184,6785842637.336145,2023-06-26
solana,16.284012804480415,246629750.07322228,6497000673.693492,2023-06-27
solana,16.60408750457774,232332350.0357121,6626087422.922995,2023-06-28
solana,15.996424735598712,301702745.20938724,6403600623.488655,2023-06-29
solana,17.998439800632905,635900925.9452425,7187331652.66652,2023-06-30
solana,18.93035984897103,828667787.0041169,7567998783.5705805,2023-07-01
solana,18.612769704794168,280718699.5696731,7437496981.577963,2023-07-02
solana,19.44673332510388,474851803.7888158,7792444090.1257925,2023-07-03
solana,19.20521438307814,280766166.6517864,7700930946.150432,2023-07-04
solana,19.218958872995298,303069428.56264853,7724902370.005767,2023-07-05
solana,18.972151107472232,234904855.4249562,7619692719.675487,2023-07-06
solana,19.919047781939852,849101386.5457045,8013479115.45537,2023-07-07
solana,21.43877643006556,827536919.6324662,8609626131.887451,2023-07-08
solana,21.896701111607186,596483861.204096,8804631486.280863,2023-07-09
solana,21.351397376477994,364524219.78723484,8595004420.8743,2023-07-10
solana,21.302647128052204,508301719.13718027,8559664093.103448,2023-07-11
solana,22.068233989934726,431275744.9396116,8875741131.46763,2023-07-12
solana,21.997627799970363,553660968.112081,8862665910.429438,2023-07-13
solana,25.990368470421153,1191586017.5250535,10410892785.973965,2023-07-14
solana,26.708371434451514,2112669368.826929,10743046575.077665,2023-07-15
solana,27.351375942539022,1182553641.312105,11015911503.065817,2023-07-16
solana,27.365079998210923,747993415.8682022,11002094754.605814,2023-07-17
solana,26.861798043195297,1008258072.1988822,10816613437.044512,2023-07-18
solana,25.526176388954614,690701365.242011,10269805534.152487,2023-07-19
solana,26.353311684653363,591575595.4536291,10633423774.84343,2023-07-20
solana,25.3350693194684,586428471.61985,10227156125.30492,2023-07-21
solana,25.58950999514426,426785949.9273866,10346698670.509161,2023-07-22
solana,24.45678468463933,325886121.21608216,9872947825.241152,2023-07-23
solana,24.773703505475776,345569811.4364157,10018814299.162062,2023-07-24
solana,23.422633571179617,517091585.3710577,9455689036.354588,2023-07-25
solana,23.267716629540782,362056307.62913954,9395875459.492481,2023-07-26
solana,25.1519878372353,682755887.4427278,10171319431.282724,2023-07-27
solana,25.093488053679394,493788462.55482113,10151894149.311943,2023-07-28
solana,24.825803970620775,354454914.9621894,10051629238.612888,2023-07-29
solana,25.16504796989767,266002736.55053675,10178962394.375273,2023-07-30
solana,24.266784359176683,354202895.00340414,9816173591.432625,2023-07-31
solana,23.75665877952372,401006374.0008301,9604285334.638874,2023-08-01
solana,23.92554655853081,433930052.9370583,9663629338.746136,2023-08-02
solana,23.134812664080517,426945357.6898426,9376125922.103199,2023-08-03
solana,22.654451935469393,375514604.6347747,9178003135.366844,2023-08-04
solana,22.809920321126338,387384158.1790491,9237548520.05844,2023-08-05
solana,22.62509186558245,256370671.0600972,9155491618.929426,2023-08-06
solana,23.16031151415157,338171013.5108157,9384285772.437752,2023-08-07
solana,23.05200017950495,386012925.76220214,9344630841.913843,2023-08-08
solana,24.203816824917432,561549883.4110975,9819635413.27439,2023-08-09
solana,24.384610250755937,458039680.48740876,9894698836.091352,2023-08-10
solana,24.61887321060917,352124557.44548595,9982518848.598183,2023-08-11
solana,24.57980986376842,337807060.84393805,9969763672.692484,2023-08-12
solana,24.891819066984105,277306903.1224978,10095650763.649355,2023-08-13
solana,24.223294007901522,278182091.4448637,9839554742.689486,2023-08-14
solana,25.14772487652887,388025853.4511116,10211324982.836502,2023-08-15
